Data;4389 - Taxa de juros - CDI anualizada base 252 - % a.a.
01/07/2016;14,13
04/07/2016;14,13
05/07/2016;14,13
06/07/2016;14,13
07/07/2016;14,13
08/07/2016;14,13
11/07/2016;14,13
12/07/2016;14,13
13/07/2016;14,13
14/07/2016;14,13
15/07/2016;14,13
18/07/2016;14,13
19/07/2016;14,13
20/07/2016;14,13
21/07/2016;14,13
22/07/2016;14,13
25/07/2016;14,13
26/07/2016;14,13
27/07/2016;14,13
28/07/2016;14,13
29/07/2016;14,13
01/08/2016;14,13
02/08/2016;14,13
03/08/2016;14,13
04/08/2016;14,13
05/08/2016;14,13
08/08/2016;14,13
09/08/2016;14,13
10/08/2016;14,13
11/08/2016;14,13
12/08/2016;14,13
15/08/2016;14,13
16/08/2016;14,13
17/08/2016;14,13
18/08/2016;14,13
19/08/2016;14,13
22/08/2016;14,13
23/08/2016;14,13
24/08/2016;14,13
25/08/2016;14,13
26/08/2016;14,13
29/08/2016;14,13
30/08/2016;14,13
31/08/2016;14,13
01/09/2016;14,13
02/09/2016;14,13
05/09/2016;14,13
06/09/2016;14,13
08/09/2016;14,13
09/09/2016;14,13
12/09/2016;14,13
13/09/2016;14,13
14/09/2016;14,13
15/09/2016;14,13
16/09/2016;14,13
19/09/2016;14,13
20/09/2016;14,13
21/09/2016;14,13
22/09/2016;14,13
23/09/2016;14,13
26/09/2016;14,13
27/09/2016;14,13
28/09/2016;14,13
29/09/2016;14,13
30/09/2016;14,13
03/10/2016;14,13
04/10/2016;14,13
05/10/2016;14,13
06/10/2016;14,13
07/10/2016;14,13
10/10/2016;14,13
11/10/2016;14,13
13/10/2016;14,13
14/10/2016;14,13
17/10/2016;14,13
18/10/2016;14,13
19/10/2016;14,13
20/10/2016;13,88
21/10/2016;13,88
24/10/2016;13,88
25/10/2016;13,88
26/10/2016;13,88
27/10/2016;13,88
28/10/2016;13,88
31/10/2016;13,88
01/11/2016;13,88
03/11/2016;13,88
04/11/2016;13,88
07/11/2016;13,88
08/11/2016;13,88
09/11/2016;13,88
10/11/2016;13,88
11/11/2016;13,88
14/11/2016;13,88
16/11/2016;13,88
17/11/2016;13,88
18/11/2016;13,88
21/11/2016;13,88
22/11/2016;13,88
23/11/2016;13,88
24/11/2016;13,88
25/11/2016;13,88
28/11/2016;13,88
29/11/2016;13,88
30/11/2016;13,88
01/12/2016;13,63
02/12/2016;13,63
05/12/2016;13,63
06/12/2016;13,63
07/12/2016;13,63
08/12/2016;13,63
09/12/2016;13,63
12/12/2016;13,63
13/12/2016;13,63
14/12/2016;13,63
15/12/2016;13,63
16/12/2016;13,63
19/12/2016;13,63
20/12/2016;13,63
21/12/2016;13,63
22/12/2016;13,63
23/12/2016;13,63
26/12/2016;13,63
27/12/2016;13,63
28/12/2016;13,63
29/12/2016;13,63
30/12/2016;13,63
02/01/2017;13,63
03/01/2017;13,63
04/01/2017;13,63
05/01/2017;13,63
06/01/2017;13,63
09/01/2017;13,63
10/01/2017;13,63
11/01/2017;13,63
12/01/2017;12,88
13/01/2017;12,88
16/01/2017;12,88
17/01/2017;12,88
18/01/2017;12,88
19/01/2017;12,88
20/01/2017;12,88
23/01/2017;12,88
24/01/2017;12,88
25/01/2017;12,88
26/01/2017;12,88
27/01/2017;12,88
30/01/2017;12,88
31/01/2017;12,88
01/02/2017;12,88
02/02/2017;12,88
03/02/2017;12,88
06/02/2017;12,88
07/02/2017;12,88
08/02/2017;12,88
09/02/2017;12,88
10/02/2017;12,88
13/02/2017;12,88
14/02/2017;12,88
15/02/2017;12,88
16/02/2017;12,88
17/02/2017;12,88
20/02/2017;12,88
21/02/2017;12,88
22/02/2017;12,88
23/02/2017;12,13
24/02/2017;12,13
01/03/2017;12,13
02/03/2017;12,13
03/03/2017;12,13
06/03/2017;12,13
07/03/2017;12,13
08/03/2017;12,13
09/03/2017;12,13
10/03/2017;12,13
13/03/2017;12,13
14/03/2017;12,13
15/03/2017;12,13
16/03/2017;12,13
17/03/2017;12,13
20/03/2017;12,13
21/03/2017;12,13
22/03/2017;12,13
23/03/2017;12,13
24/03/2017;12,13
27/03/2017;12,13
28/03/2017;12,13
29/03/2017;12,13
30/03/2017;12,13
31/03/2017;12,13
03/04/2017;12,13
04/04/2017;12,13
05/04/2017;12,13
06/04/2017;12,13
07/04/2017;12,13
10/04/2017;12,13
11/04/2017;12,13
12/04/2017;12,13
13/04/2017;11,13
17/04/2017;11,13
18/04/2017;11,13
19/04/2017;11,13
20/04/2017;11,13
24/04/2017;11,13
25/04/2017;11,13
26/04/2017;11,13
27/04/2017;11,13
28/04/2017;11,13
02/05/2017;11,13
03/05/2017;11,13
04/05/2017;11,13
05/05/2017;11,13
08/05/2017;11,13
09/05/2017;11,13
10/05/2017;11,13
11/05/2017;11,13
12/05/2017;11,13
15/05/2017;11,13
16/05/2017;11,13
17/05/2017;11,13
18/05/2017;11,13
19/05/2017;11,13
22/05/2017;11,13
23/05/2017;11,13
24/05/2017;11,13
25/05/2017;11,13
26/05/2017;11,13
29/05/2017;11,13
30/05/2017;11,13
31/05/2017;11,13
01/06/2017;10,14
02/06/2017;10,14
05/06/2017;10,14
06/06/2017;10,14
07/06/2017;10,14
08/06/2017;10,14
09/06/2017;10,14
12/06/2017;10,14
13/06/2017;10,14
14/06/2017;10,14
16/06/2017;10,14
19/06/2017;10,14
20/06/2017;10,14
21/06/2017;10,14
22/06/2017;10,14
23/06/2017;10,14
26/06/2017;10,14
27/06/2017;10,14
28/06/2017;10,14
29/06/2017;10,14
30/06/2017;10,14
03/07/2017;10,14
04/07/2017;10,14
05/07/2017;10,14
06/07/2017;10,14
07/07/2017;10,14
10/07/2017;10,14
11/07/2017;10,14
12/07/2017;10,14
13/07/2017;10,14
14/07/2017;10,14
17/07/2017;10,14
18/07/2017;10,14
19/07/2017;10,14
20/07/2017;10,14
21/07/2017;10,14
24/07/2017;10,14
25/07/2017;10,14
26/07/2017;10,14
27/07/2017;9,14
28/07/2017;9,14
31/07/2017;9,14
01/08/2017;9,14
02/08/2017;9,14
03/08/2017;9,14
04/08/2017;9,14
07/08/2017;9,14
08/08/2017;9,14
09/08/2017;9,14
10/08/2017;9,14
11/08/2017;9,14
14/08/2017;9,14
15/08/2017;9,14
16/08/2017;9,14
17/08/2017;9,14
18/08/2017;9,14
21/08/2017;9,14
22/08/2017;9,14
23/08/2017;9,14
24/08/2017;9,14
25/08/2017;9,14
28/08/2017;9,14
29/08/2017;9,14
30/08/2017;9,14
31/08/2017;9,14
01/09/2017;9,14
04/09/2017;9,14
05/09/2017;9,14
06/09/2017;9,14
08/09/2017;8,14
11/09/2017;8,14
12/09/2017;8,14
13/09/2017;8,14
14/09/2017;8,14
15/09/2017;8,14
18/09/2017;8,14
19/09/2017;8,14
20/09/2017;8,14
21/09/2017;8,14
22/09/2017;8,14
25/09/2017;8,14
26/09/2017;8,14
27/09/2017;8,14
28/09/2017;8,14
29/09/2017;8,14
02/10/2017;8,14
03/10/2017;8,14
04/10/2017;8,14
05/10/2017;8,14
06/10/2017;8,14
09/10/2017;8,14
10/10/2017;8,14
11/10/2017;8,14
13/10/2017;8,14
16/10/2017;8,14
17/10/2017;8,14
18/10/2017;8,14
19/10/2017;8,14
20/10/2017;8,14
23/10/2017;8,14
24/10/2017;8,14
25/10/2017;8,14
26/10/2017;7,39
27/10/2017;7,39
30/10/2017;7,39
31/10/2017;7,39
01/11/2017;7,39
03/11/2017;7,39
06/11/2017;7,39
07/11/2017;7,39
08/11/2017;7,39
09/11/2017;7,39
10/11/2017;7,39
13/11/2017;7,39
14/11/2017;7,39
16/11/2017;7,39
17/11/2017;7,39
20/11/2017;7,39
21/11/2017;7,39
22/11/2017;7,39
23/11/2017;7,39
24/11/2017;7,39
27/11/2017;7,39
28/11/2017;7,39
29/11/2017;7,39
30/11/2017;7,39
01/12/2017;7,39
04/12/2017;7,39
05/12/2017;7,39
06/12/2017;7,39
07/12/2017;6,89
08/12/2017;6,89
11/12/2017;6,89
12/12/2017;6,89
13/12/2017;6,89
14/12/2017;6,89
15/12/2017;6,89
18/12/2017;6,89
19/12/2017;6,89
20/12/2017;6,89
21/12/2017;6,89
22/12/2017;6,89
26/12/2017;6,89
27/12/2017;6,89
28/12/2017;6,89
29/12/2017;6,89
02/01/2018;6,89
03/01/2018;6,89
04/01/2018;6,89
05/01/2018;6,89
08/01/2018;6,89
09/01/2018;6,89
10/01/2018;6,89
11/01/2018;6,89
12/01/2018;6,89
15/01/2018;6,89
16/01/2018;6,89
17/01/2018;6,89
18/01/2018;6,89
19/01/2018;6,89
22/01/2018;6,89
23/01/2018;6,89
24/01/2018;6,89
25/01/2018;6,89
26/01/2018;6,89
29/01/2018;6,89
30/01/2018;6,89
31/01/2018;6,89
01/02/2018;6,89
02/02/2018;6,89
05/02/2018;6,89
06/02/2018;6,89
07/02/2018;6,89
08/02/2018;6,64
09/02/2018;6,64
14/02/2018;6,64
15/02/2018;6,64
16/02/2018;6,64
19/02/2018;6,64
20/02/2018;6,64
21/02/2018;6,64
22/02/2018;6,64
23/02/2018;6,64
26/02/2018;6,64
27/02/2018;6,64
28/02/2018;6,64
01/03/2018;6,64
02/03/2018;6,64
05/03/2018;6,64
06/03/2018;6,64
07/03/2018;6,64
08/03/2018;6,64
09/03/2018;6,64
12/03/2018;6,64
13/03/2018;6,64
14/03/2018;6,64
15/03/2018;6,64
16/03/2018;6,64
19/03/2018;6,64
20/03/2018;6,64
21/03/2018;6,64
22/03/2018;6,39
23/03/2018;6,39
26/03/2018;6,39
27/03/2018;6,39
28/03/2018;6,39
29/03/2018;6,39
02/04/2018;6,39
03/04/2018;6,39
04/04/2018;6,39
05/04/2018;6,39
06/04/2018;6,39
09/04/2018;6,39
10/04/2018;6,39
11/04/2018;6,39
12/04/2018;6,39
13/04/2018;6,39
16/04/2018;6,39
17/04/2018;6,39
18/04/2018;6,39
19/04/2018;6,39
20/04/2018;6,39
23/04/2018;6,39
24/04/2018;6,39
25/04/2018;6,39
26/04/2018;6,39
27/04/2018;6,39
30/04/2018;6,39
02/05/2018;6,39
03/05/2018;6,39
04/05/2018;6,39
07/05/2018;6,39
08/05/2018;6,39
09/05/2018;6,39
10/05/2018;6,39
11/05/2018;6,39
14/05/2018;6,39
15/05/2018;6,39
16/05/2018;6,39
17/05/2018;6,39
18/05/2018;6,39
21/05/2018;6,39
22/05/2018;6,39
23/05/2018;6,39
24/05/2018;6,39
25/05/2018;6,39
28/05/2018;6,39
29/05/2018;6,39
30/05/2018;6,39
01/06/2018;6,39
04/06/2018;6,39
05/06/2018;6,39
06/06/2018;6,39
07/06/2018;6,39
08/06/2018;6,39
11/06/2018;6,39
12/06/2018;6,39
13/06/2018;6,39
14/06/2018;6,39
15/06/2018;6,39
18/06/2018;6,39
19/06/2018;6,39
20/06/2018;6,39
21/06/2018;6,39
22/06/2018;6,39
25/06/2018;6,39
26/06/2018;6,39
27/06/2018;6,39
28/06/2018;6,39
29/06/2018;6,39
02/07/2018;6,39
03/07/2018;6,39
04/07/2018;6,39
05/07/2018;6,39
06/07/2018;6,39
09/07/2018;6,39
10/07/2018;6,39
11/07/2018;6,39
12/07/2018;6,39
13/07/2018;6,39
16/07/2018;6,39
17/07/2018;6,39
18/07/2018;6,39
19/07/2018;6,39
20/07/2018;6,39
23/07/2018;6,39
24/07/2018;6,39
25/07/2018;6,39
26/07/2018;6,39
27/07/2018;6,39
30/07/2018;6,39
31/07/2018;6,39
01/08/2018;6,39
02/08/2018;6,39
03/08/2018;6,39
06/08/2018;6,39
07/08/2018;6,39
08/08/2018;6,39
09/08/2018;6,39
10/08/2018;6,39
13/08/2018;6,39
14/08/2018;6,39
15/08/2018;6,39
16/08/2018;6,39
17/08/2018;6,39
20/08/2018;6,39
21/08/2018;6,39
22/08/2018;6,39
23/08/2018;6,39
24/08/2018;6,39
27/08/2018;6,39
28/08/2018;6,39
29/08/2018;6,39
30/08/2018;6,39
31/08/2018;6,39
03/09/2018;6,39
04/09/2018;6,39
05/09/2018;6,39
06/09/2018;6,39
10/09/2018;6,39
11/09/2018;6,39
12/09/2018;6,39
13/09/2018;6,39
14/09/2018;6,39
17/09/2018;6,39
18/09/2018;6,39
19/09/2018;6,39
20/09/2018;6,39
21/09/2018;6,39
24/09/2018;6,39
25/09/2018;6,39
26/09/2018;6,39
27/09/2018;6,39
28/09/2018;6,39
01/10/2018;6,40
02/10/2018;6,40
03/10/2018;6,40
04/10/2018;6,40
05/10/2018;6,40
08/10/2018;6,40
09/10/2018;6,40
10/10/2018;6,40
11/10/2018;6,40
15/10/2018;6,40
16/10/2018;6,40
17/10/2018;6,40
18/10/2018;6,40
19/10/2018;6,40
22/10/2018;6,40
23/10/2018;6,40
24/10/2018;6,40
25/10/2018;6,40
26/10/2018;6,40
29/10/2018;6,40
30/10/2018;6,40
31/10/2018;6,40
01/11/2018;6,40
05/11/2018;6,40
06/11/2018;6,40
07/11/2018;6,40
08/11/2018;6,40
09/11/2018;6,40
12/11/2018;6,40
13/11/2018;6,40
14/11/2018;6,40
16/11/2018;6,40
19/11/2018;6,40
20/11/2018;6,40
21/11/2018;6,40
22/11/2018;6,40
23/11/2018;6,40
26/11/2018;6,40
27/11/2018;6,40
28/11/2018;6,40
29/11/2018;6,40
30/11/2018;6,40
03/12/2018;6,40
04/12/2018;6,40
05/12/2018;6,40
06/12/2018;6,40
07/12/2018;6,40
10/12/2018;6,40
11/12/2018;6,40
12/12/2018;6,40
13/12/2018;6,40
14/12/2018;6,40
17/12/2018;6,40
18/12/2018;6,40
19/12/2018;6,40
20/12/2018;6,40
21/12/2018;6,40
24/12/2018;6,40
26/12/2018;6,40
27/12/2018;6,40
28/12/2018;6,40
31/12/2018;6,40
02/01/2019;6,40
03/01/2019;6,40
04/01/2019;6,40
07/01/2019;6,40
08/01/2019;6,40
09/01/2019;6,40
10/01/2019;6,40
11/01/2019;6,40
14/01/2019;6,40
15/01/2019;6,40
16/01/2019;6,40
17/01/2019;6,40
18/01/2019;6,40
21/01/2019;6,40
22/01/2019;6,40
23/01/2019;6,40
24/01/2019;6,40
25/01/2019;6,40
28/01/2019;6,40
29/01/2019;6,40
30/01/2019;6,40
31/01/2019;6,40
01/02/2019;6,40
04/02/2019;6,40
05/02/2019;6,40
06/02/2019;6,40
07/02/2019;6,40
08/02/2019;6,40
11/02/2019;6,40
12/02/2019;6,40
13/02/2019;6,40
14/02/2019;6,40
15/02/2019;6,40
18/02/2019;6,40
19/02/2019;6,40
20/02/2019;6,40
21/02/2019;6,40
22/02/2019;6,40
25/02/2019;6,40
26/02/2019;6,40
27/02/2019;6,40
28/02/2019;6,40
01/03/2019;6,40
06/03/2019;6,40
07/03/2019;6,40
08/03/2019;6,40
11/03/2019;6,40
12/03/2019;6,40
13/03/2019;6,40
14/03/2019;6,40
15/03/2019;6,40
18/03/2019;6,40
19/03/2019;6,40
20/03/2019;6,40
21/03/2019;6,40
22/03/2019;6,40
25/03/2019;6,40
26/03/2019;6,40
27/03/2019;6,40
28/03/2019;6,40
29/03/2019;6,40
01/04/2019;6,40
02/04/2019;6,40
03/04/2019;6,40
04/04/2019;6,40
05/04/2019;6,40
08/04/2019;6,40
09/04/2019;6,40
10/04/2019;6,40
11/04/2019;6,40
12/04/2019;6,40
15/04/2019;6,40
16/04/2019;6,40
17/04/2019;6,40
18/04/2019;6,40
22/04/2019;6,40
23/04/2019;6,40
24/04/2019;6,40
25/04/2019;6,40
26/04/2019;6,40
29/04/2019;6,40
30/04/2019;6,40
02/05/2019;6,40
03/05/2019;6,40
06/05/2019;6,40
07/05/2019;6,40
08/05/2019;6,40
09/05/2019;6,40
10/05/2019;6,40
13/05/2019;6,40
14/05/2019;6,40
15/05/2019;6,40
16/05/2019;6,40
17/05/2019;6,40
20/05/2019;6,40
21/05/2019;6,40
22/05/2019;6,40
23/05/2019;6,40
24/05/2019;6,40
27/05/2019;6,40
28/05/2019;6,40
29/05/2019;6,40
30/05/2019;6,40
31/05/2019;6,40
03/06/2019;6,40
04/06/2019;6,40
05/06/2019;6,40
06/06/2019;6,40
07/06/2019;6,40
10/06/2019;6,40
11/06/2019;6,40
12/06/2019;6,40
13/06/2019;6,40
14/06/2019;6,40
17/06/2019;6,40
18/06/2019;6,40
19/06/2019;6,40
21/06/2019;6,40
24/06/2019;6,40
25/06/2019;6,40
26/06/2019;6,40
27/06/2019;6,40
28/06/2019;6,40
01/07/2019;6,40
02/07/2019;6,40
03/07/2019;6,40
04/07/2019;6,40
05/07/2019;6,40
08/07/2019;6,40
09/07/2019;6,40
10/07/2019;6,40
11/07/2019;6,40
12/07/2019;6,40
15/07/2019;6,40
16/07/2019;6,40
17/07/2019;6,40
18/07/2019;6,40
19/07/2019;6,40
22/07/2019;6,40
23/07/2019;6,40
24/07/2019;6,40
25/07/2019;6,40
26/07/2019;6,40
29/07/2019;6,40
30/07/2019;6,40
31/07/2019;6,40
01/08/2019;5,90
02/08/2019;5,90
05/08/2019;5,90
06/08/2019;5,90
07/08/2019;5,90
08/08/2019;5,90
09/08/2019;5,90
12/08/2019;5,90
13/08/2019;5,90
14/08/2019;5,90
15/08/2019;5,90
16/08/2019;5,90
19/08/2019;5,90
20/08/2019;5,90
21/08/2019;5,90
22/08/2019;5,90
23/08/2019;5,90
26/08/2019;5,90
27/08/2019;5,90
28/08/2019;5,90
29/08/2019;5,90
30/08/2019;5,90
02/09/2019;5,90
03/09/2019;5,90
04/09/2019;5,90
05/09/2019;5,90
06/09/2019;5,90
09/09/2019;5,90
10/09/2019;5,90
11/09/2019;5,90
12/09/2019;5,90
13/09/2019;5,90
16/09/2019;5,90
17/09/2019;5,90
18/09/2019;5,90
19/09/2019;5,40
20/09/2019;5,40
23/09/2019;5,40
24/09/2019;5,40
25/09/2019;5,40
26/09/2019;5,40
27/09/2019;5,40
30/09/2019;5,40
01/10/2019;5,40
02/10/2019;5,40
03/10/2019;5,40
04/10/2019;5,40
07/10/2019;5,40
08/10/2019;5,40
09/10/2019;5,40
10/10/2019;5,40
11/10/2019;5,40
14/10/2019;5,40
15/10/2019;5,40
16/10/2019;5,40
17/10/2019;5,40
18/10/2019;5,40
21/10/2019;5,40
22/10/2019;5,40
23/10/2019;5,40
24/10/2019;5,40
25/10/2019;5,40
28/10/2019;5,40
29/10/2019;5,40
30/10/2019;5,40
31/10/2019;4,90
01/11/2019;4,90
04/11/2019;4,90
05/11/2019;4,90
06/11/2019;4,90
07/11/2019;4,90
08/11/2019;4,90
11/11/2019;4,90
12/11/2019;4,90
13/11/2019;4,90
14/11/2019;4,90
18/11/2019;4,90
19/11/2019;4,90
20/11/2019;4,90
21/11/2019;4,90
22/11/2019;4,90
25/11/2019;4,90
26/11/2019;4,90
27/11/2019;4,90
28/11/2019;4,90
29/11/2019;4,90
02/12/2019;4,90
03/12/2019;4,90
04/12/2019;4,90
05/12/2019;4,90
06/12/2019;4,90
09/12/2019;4,90
10/12/2019;4,90
11/12/2019;4,90
12/12/2019;4,40
13/12/2019;4,40
16/12/2019;4,40
17/12/2019;4,40
18/12/2019;4,40
19/12/2019;4,40
20/12/2019;4,40
23/12/2019;4,40
24/12/2019;4,40
26/12/2019;4,40
27/12/2019;4,40
30/12/2019;4,40
31/12/2019;4,40
02/01/2020;4,40
03/01/2020;4,40
06/01/2020;4,40
07/01/2020;4,40
08/01/2020;4,40
09/01/2020;4,40
10/01/2020;4,40
13/01/2020;4,40
14/01/2020;4,40
15/01/2020;4,40
16/01/2020;4,40
17/01/2020;4,40
20/01/2020;4,40
21/01/2020;4,40
22/01/2020;4,40
23/01/2020;4,40
24/01/2020;4,40
27/01/2020;4,40
28/01/2020;4,40
29/01/2020;4,40
30/01/2020;4,40
31/01/2020;4,40
03/02/2020;4,40
04/02/2020;4,40
05/02/2020;4,40
06/02/2020;4,15
07/02/2020;4,15
10/02/2020;4,15
11/02/2020;4,15
12/02/2020;4,15
13/02/2020;4,15
14/02/2020;4,15
17/02/2020;4,15
18/02/2020;4,15
19/02/2020;4,15
20/02/2020;4,15
21/02/2020;4,15
26/02/2020;4,15
27/02/2020;4,15
28/02/2020;4,15
02/03/2020;4,15
03/03/2020;4,15
04/03/2020;4,15
05/03/2020;4,15
06/03/2020;4,15
09/03/2020;4,15
10/03/2020;4,15
11/03/2020;4,15
12/03/2020;4,15
13/03/2020;4,15
16/03/2020;4,15
17/03/2020;4,15
18/03/2020;4,15
19/03/2020;3,65
20/03/2020;3,65
23/03/2020;3,65
24/03/2020;3,65
25/03/2020;3,65
26/03/2020;3,65
27/03/2020;3,65
30/03/2020;3,65
31/03/2020;3,65
01/04/2020;3,65
02/04/2020;3,65
03/04/2020;3,65
06/04/2020;3,65
07/04/2020;3,65
08/04/2020;3,65
09/04/2020;3,65
13/04/2020;3,65
14/04/2020;3,65
15/04/2020;3,65
16/04/2020;3,65
17/04/2020;3,65
20/04/2020;3,65
22/04/2020;3,65
23/04/2020;3,65
24/04/2020;3,65
27/04/2020;3,65
28/04/2020;3,65
29/04/2020;3,65
30/04/2020;3,65
04/05/2020;3,65
05/05/2020;3,65
06/05/2020;3,65
07/05/2020;2,90
08/05/2020;2,90
11/05/2020;2,90
12/05/2020;2,90
13/05/2020;2,90
14/05/2020;2,90
15/05/2020;2,90
18/05/2020;2,90
19/05/2020;2,90
20/05/2020;2,90
21/05/2020;2,90
22/05/2020;2,90
25/05/2020;2,90
26/05/2020;2,90
27/05/2020;2,90
28/05/2020;2,90
29/05/2020;2,90
01/06/2020;2,90
02/06/2020;2,90
03/06/2020;2,90
04/06/2020;2,90
05/06/2020;2,90
08/06/2020;2,90
09/06/2020;2,90
10/06/2020;2,90
12/06/2020;2,90
15/06/2020;2,90
16/06/2020;2,90
17/06/2020;2,90
18/06/2020;2,15
19/06/2020;2,15
22/06/2020;2,15
23/06/2020;2,15
24/06/2020;2,15
25/06/2020;2,15
26/06/2020;2,15
29/06/2020;2,15
30/06/2020;2,15
01/07/2020;2,15
02/07/2020;2,15
03/07/2020;2,15
06/07/2020;2,15
07/07/2020;2,15
08/07/2020;2,15
09/07/2020;2,15
10/07/2020;2,15
13/07/2020;2,15
14/07/2020;2,15
15/07/2020;2,15
16/07/2020;2,15
17/07/2020;2,15
20/07/2020;2,15
21/07/2020;2,15
22/07/2020;2,15
23/07/2020;2,15
24/07/2020;2,15
27/07/2020;2,15
28/07/2020;2,15
29/07/2020;2,15
30/07/2020;2,15
31/07/2020;2,15
03/08/2020;2,15
04/08/2020;2,15
05/08/2020;2,15
06/08/2020;1,90
07/08/2020;1,90
10/08/2020;1,90
11/08/2020;1,90
12/08/2020;1,90
13/08/2020;1,90
14/08/2020;1,90
17/08/2020;1,90
18/08/2020;1,90
19/08/2020;1,90
20/08/2020;1,90
21/08/2020;1,90
24/08/2020;1,90
25/08/2020;1,90
26/08/2020;1,90
27/08/2020;1,90
28/08/2020;1,90
31/08/2020;1,90
01/09/2020;1,90
02/09/2020;1,90
03/09/2020;1,90
04/09/2020;1,90
08/09/2020;1,90
09/09/2020;1,90
10/09/2020;1,90
11/09/2020;1,90
14/09/2020;1,90
15/09/2020;1,90
16/09/2020;1,90
17/09/2020;1,90
18/09/2020;1,90
21/09/2020;1,90
22/09/2020;1,90
23/09/2020;1,90
24/09/2020;1,90
25/09/2020;1,90
28/09/2020;1,90
29/09/2020;1,90
30/09/2020;1,90
01/10/2020;1,90
02/10/2020;1,90
05/10/2020;1,90
06/10/2020;1,90
07/10/2020;1,90
08/10/2020;1,90
09/10/2020;1,90
13/10/2020;1,90
14/10/2020;1,90
15/10/2020;1,90
16/10/2020;1,90
19/10/2020;1,90
20/10/2020;1,90
21/10/2020;1,90
22/10/2020;1,90
23/10/2020;1,90
26/10/2020;1,90
27/10/2020;1,90
28/10/2020;1,90
29/10/2020;1,90
30/10/2020;1,90
03/11/2020;1,90
04/11/2020;1,90
05/11/2020;1,90
06/11/2020;1,90
09/11/2020;1,90
10/11/2020;1,90
11/11/2020;1,90
12/11/2020;1,90
13/11/2020;1,90
16/11/2020;1,90
17/11/2020;1,90
18/11/2020;1,90
19/11/2020;1,90
20/11/2020;1,90
23/11/2020;1,90
24/11/2020;1,90
25/11/2020;1,90
26/11/2020;1,90
27/11/2020;1,90
30/11/2020;1,90
01/12/2020;1,90
02/12/2020;1,90
03/12/2020;1,90
04/12/2020;1,90
07/12/2020;1,90
08/12/2020;1,90
09/12/2020;1,90
10/12/2020;1,90
11/12/2020;1,90
14/12/2020;1,90
15/12/2020;1,90
16/12/2020;1,90
17/12/2020;1,90
18/12/2020;1,90
21/12/2020;1,90
22/12/2020;1,90
23/12/2020;1,90
24/12/2020;1,90
28/12/2020;1,90
29/12/2020;1,90
30/12/2020;1,90
31/12/2020;1,90
04/01/2021;1,90
05/01/2021;1,90
06/01/2021;1,90
07/01/2021;1,90
08/01/2021;1,90
11/01/2021;1,90
12/01/2021;1,90
13/01/2021;1,90
14/01/2021;1,90
15/01/2021;1,90
18/01/2021;1,90
19/01/2021;1,90
20/01/2021;1,90
21/01/2021;1,90
22/01/2021;1,90
25/01/2021;1,90
26/01/2021;1,90
27/01/2021;1,90
28/01/2021;1,90
29/01/2021;1,90
01/02/2021;1,90
02/02/2021;1,90
03/02/2021;1,90
04/02/2021;1,90
05/02/2021;1,90
08/02/2021;1,90
09/02/2021;1,90
10/02/2021;1,90
11/02/2021;1,90
12/02/2021;1,90
17/02/2021;1,90
18/02/2021;1,90
19/02/2021;1,90
22/02/2021;1,90
23/02/2021;1,90
24/02/2021;1,90
25/02/2021;1,90
26/02/2021;1,90
01/03/2021;1,90
02/03/2021;1,90
03/03/2021;1,90
04/03/2021;1,90
05/03/2021;1,90
08/03/2021;1,90
09/03/2021;1,90
10/03/2021;1,90
11/03/2021;1,90
12/03/2021;1,90
15/03/2021;1,90
16/03/2021;1,90
17/03/2021;1,90
18/03/2021;2,65
19/03/2021;2,65
22/03/2021;2,65
23/03/2021;2,65
24/03/2021;2,65
25/03/2021;2,65
26/03/2021;2,65
29/03/2021;2,65
30/03/2021;2,65
31/03/2021;2,65
01/04/2021;2,65
05/04/2021;2,65
06/04/2021;2,65
07/04/2021;2,65
08/04/2021;2,65
09/04/2021;2,65
12/04/2021;2,65
13/04/2021;2,65
14/04/2021;2,65
15/04/2021;2,65
16/04/2021;2,65
19/04/2021;2,65
20/04/2021;2,65
22/04/2021;2,65
23/04/2021;2,65
26/04/2021;2,65
27/04/2021;2,65
28/04/2021;2,65
29/04/2021;2,65
30/04/2021;2,65
03/05/2021;2,65
04/05/2021;2,65
05/05/2021;2,65
06/05/2021;3,40
07/05/2021;3,40
10/05/2021;3,40
11/05/2021;3,40
12/05/2021;3,40
13/05/2021;3,40
14/05/2021;3,40
17/05/2021;3,40
18/05/2021;3,40
19/05/2021;3,40
20/05/2021;3,40
21/05/2021;3,40
24/05/2021;3,40
25/05/2021;3,40
26/05/2021;3,40
27/05/2021;3,40
28/05/2021;3,40
31/05/2021;3,40
01/06/2021;3,40
02/06/2021;3,40
04/06/2021;3,40
07/06/2021;3,40
08/06/2021;3,40
09/06/2021;3,40
10/06/2021;3,40
11/06/2021;3,40
14/06/2021;3,40
15/06/2021;3,40
16/06/2021;3,40
17/06/2021;4,15
18/06/2021;4,15
21/06/2021;4,15
22/06/2021;4,15
23/06/2021;4,15
24/06/2021;4,15
25/06/2021;4,15
28/06/2021;4,15
29/06/2021;4,15
30/06/2021;4,15
01/07/2021;4,15
02/07/2021;4,15
05/07/2021;4,15
06/07/2021;4,15
07/07/2021;4,15
08/07/2021;4,15
09/07/2021;4,15
12/07/2021;4,15
13/07/2021;4,15
14/07/2021;4,15
15/07/2021;4,15
16/07/2021;4,15
19/07/2021;4,15
20/07/2021;4,15
21/07/2021;4,15
22/07/2021;4,15
23/07/2021;4,15
26/07/2021;4,15
27/07/2021;4,15
28/07/2021;4,15
29/07/2021;4,15
30/07/2021;4,15
02/08/2021;4,15
03/08/2021;4,15
04/08/2021;4,15
05/08/2021;5,15
06/08/2021;5,15
09/08/2021;5,15
10/08/2021;5,15
11/08/2021;5,15
12/08/2021;5,15
13/08/2021;5,15
16/08/2021;5,15
17/08/2021;5,15
18/08/2021;5,15
19/08/2021;5,15
20/08/2021;5,15
23/08/2021;5,15
24/08/2021;5,15
25/08/2021;5,15
26/08/2021;5,15
27/08/2021;5,15
30/08/2021;5,15
31/08/2021;5,15
01/09/2021;5,15
02/09/2021;5,15
03/09/2021;5,15
06/09/2021;5,15
08/09/2021;5,15
09/09/2021;5,15
10/09/2021;5,15
13/09/2021;5,15
14/09/2021;5,15
15/09/2021;5,15
16/09/2021;5,15
17/09/2021;5,15
20/09/2021;5,15
21/09/2021;5,15
22/09/2021;5,15
23/09/2021;6,15
24/09/2021;6,15
27/09/2021;6,15
28/09/2021;6,15
29/09/2021;6,15
30/09/2021;6,15
01/10/2021;6,15
04/10/2021;6,15
05/10/2021;6,15
06/10/2021;6,15
07/10/2021;6,15
08/10/2021;6,15
11/10/2021;6,15
13/10/2021;6,15
14/10/2021;6,15
15/10/2021;6,15
18/10/2021;6,15
19/10/2021;6,15
20/10/2021;6,15
21/10/2021;6,15
22/10/2021;6,15
25/10/2021;6,15
26/10/2021;6,15
27/10/2021;6,15
28/10/2021;7,65
29/10/2021;7,65
01/11/2021;7,65
03/11/2021;7,65
04/11/2021;7,65
05/11/2021;7,65
08/11/2021;7,65
09/11/2021;7,65
10/11/2021;7,65
11/11/2021;7,65
12/11/2021;7,65
16/11/2021;7,65
17/11/2021;7,65
18/11/2021;7,65
19/11/2021;7,65
22/11/2021;7,65
23/11/2021;7,65
24/11/2021;7,65
25/11/2021;7,65
26/11/2021;7,65
29/11/2021;7,65
30/11/2021;7,65
01/12/2021;7,65
02/12/2021;7,65
03/12/2021;7,65
06/12/2021;7,65
07/12/2021;7,65
08/12/2021;7,65
09/12/2021;9,15
10/12/2021;9,15
13/12/2021;9,15
14/12/2021;9,15
15/12/2021;9,15
16/12/2021;9,15
17/12/2021;9,15
20/12/2021;9,15
21/12/2021;9,15
22/12/2021;9,15
23/12/2021;9,15
24/12/2021;9,15
27/12/2021;9,15
28/12/2021;9,15
29/12/2021;9,15
30/12/2021;9,15
31/12/2021;9,15
03/01/2022;9,15
04/01/2022;9,15
05/01/2022;9,15
06/01/2022;9,15
07/01/2022;9,15
10/01/2022;9,15
11/01/2022;9,15
12/01/2022;9,15
13/01/2022;9,15
14/01/2022;9,15
17/01/2022;9,15
18/01/2022;9,15
19/01/2022;9,15
20/01/2022;9,15
21/01/2022;9,15
24/01/2022;9,15
25/01/2022;9,15
26/01/2022;9,15
27/01/2022;9,15
28/01/2022;9,15
31/01/2022;9,15
01/02/2022;9,15
02/02/2022;9,15
03/02/2022;10,65
04/02/2022;10,65
07/02/2022;10,65
08/02/2022;10,65
09/02/2022;10,65
10/02/2022;10,65
11/02/2022;10,65
14/02/2022;10,65
15/02/2022;10,65
16/02/2022;10,65
17/02/2022;10,65
18/02/2022;10,65
21/02/2022;10,65
22/02/2022;10,65
23/02/2022;10,65
24/02/2022;10,65
25/02/2022;10,65
02/03/2022;10,65
03/03/2022;10,65
04/03/2022;10,65
07/03/2022;10,65
08/03/2022;10,65
09/03/2022;10,65
10/03/2022;10,65
11/03/2022;10,65
14/03/2022;10,65
15/03/2022;10,65
16/03/2022;10,65
17/03/2022;11,65
18/03/2022;11,65
21/03/2022;11,65
22/03/2022;11,65
23/03/2022;11,65
24/03/2022;11,65
25/03/2022;11,65
28/03/2022;11,65
29/03/2022;11,65
30/03/2022;11,65
31/03/2022;11,65
01/04/2022;11,65
04/04/2022;11,65
05/04/2022;11,65
06/04/2022;11,65
07/04/2022;11,65
08/04/2022;11,65
11/04/2022;11,65
12/04/2022;11,65
13/04/2022;11,65
14/04/2022;11,65
18/04/2022;11,65
19/04/2022;11,65
20/04/2022;11,65
22/04/2022;11,65
25/04/2022;11,65
26/04/2022;11,65
27/04/2022;11,65
28/04/2022;11,65
29/04/2022;11,65
02/05/2022;11,65
03/05/2022;11,65
04/05/2022;11,65
05/05/2022;12,65
06/05/2022;12,65
09/05/2022;12,65
10/05/2022;12,65
11/05/2022;12,65
12/05/2022;12,65
13/05/2022;12,65
16/05/2022;12,65
17/05/2022;12,65
18/05/2022;12,65
19/05/2022;12,65
20/05/2022;12,65
23/05/2022;12,65
24/05/2022;12,65
25/05/2022;12,65
26/05/2022;12,65
27/05/2022;12,65
30/05/2022;12,65
31/05/2022;12,65
01/06/2022;12,65
02/06/2022;12,65
03/06/2022;12,65
06/06/2022;12,65
07/06/2022;12,65
08/06/2022;12,65
09/06/2022;12,65
10/06/2022;12,65
13/06/2022;12,65
14/06/2022;12,65
15/06/2022;12,65
17/06/2022;13,15
20/06/2022;13,15
21/06/2022;13,15
22/06/2022;13,15
23/06/2022;13,15
24/06/2022;13,15
27/06/2022;13,15
28/06/2022;13,15
29/06/2022;13,15
30/06/2022;13,15
01/07/2022;13,15
04/07/2022;13,15
05/07/2022;13,15
06/07/2022;13,15
07/07/2022;13,15
08/07/2022;13,15
11/07/2022;13,15
12/07/2022;13,15
13/07/2022;13,15
14/07/2022;13,15
15/07/2022;13,15
18/07/2022;13,15
19/07/2022;13,15
20/07/2022;13,15
21/07/2022;13,15
22/07/2022;13,15
25/07/2022;13,15
26/07/2022;13,15
27/07/2022;13,15
28/07/2022;13,15
29/07/2022;13,15
01/08/2022;13,15
02/08/2022;13,15
03/08/2022;13,15
04/08/2022;13,65
05/08/2022;13,65
08/08/2022;13,65
09/08/2022;13,65
10/08/2022;13,65
11/08/2022;13,65
12/08/2022;13,65
15/08/2022;13,65
16/08/2022;13,65
17/08/2022;13,65
18/08/2022;13,65
19/08/2022;13,65
22/08/2022;13,65
23/08/2022;13,65
24/08/2022;13,65
25/08/2022;13,65
26/08/2022;13,65
29/08/2022;13,65
30/08/2022;13,65
31/08/2022;13,65
01/09/2022;13,65
02/09/2022;13,65
05/09/2022;13,65
06/09/2022;13,65
08/09/2022;13,65
09/09/2022;13,65
12/09/2022;13,65
13/09/2022;13,65
14/09/2022;13,65
15/09/2022;13,65
16/09/2022;13,65
19/09/2022;13,65
20/09/2022;13,65
21/09/2022;13,65
22/09/2022;13,65
23/09/2022;13,65
26/09/2022;13,65
27/09/2022;13,65
28/09/2022;13,65
29/09/2022;13,65
30/09/2022;13,65
03/10/2022;13,65
04/10/2022;13,65
05/10/2022;13,65
06/10/2022;13,65
07/10/2022;13,65
10/10/2022;13,65
11/10/2022;13,65
13/10/2022;13,65
14/10/2022;13,65
17/10/2022;13,65
18/10/2022;13,65
19/10/2022;13,65
20/10/2022;13,65
21/10/2022;13,65
24/10/2022;13,65
25/10/2022;13,65
26/10/2022;13,65
27/10/2022;13,65
28/10/2022;13,65
31/10/2022;13,65
01/11/2022;13,65
03/11/2022;13,65
04/11/2022;13,65
07/11/2022;13,65
08/11/2022;13,65
09/11/2022;13,65
10/11/2022;13,65
11/11/2022;13,65
14/11/2022;13,65
16/11/2022;13,65
17/11/2022;13,65
18/11/2022;13,65
21/11/2022;13,65
22/11/2022;13,65
23/11/2022;13,65
24/11/2022;13,65
25/11/2022;13,65
28/11/2022;13,65
29/11/2022;13,65
30/11/2022;13,65
01/12/2022;13,65
02/12/2022;13,65
05/12/2022;13,65
06/12/2022;13,65
07/12/2022;13,65
08/12/2022;13,65
09/12/2022;13,65
12/12/2022;13,65
13/12/2022;13,65
14/12/2022;13,65
15/12/2022;13,65
16/12/2022;13,65
19/12/2022;13,65
20/12/2022;13,65
21/12/2022;13,65
22/12/2022;13,65
23/12/2022;13,65
26/12/2022;13,65
27/12/2022;13,65
28/12/2022;13,65
29/12/2022;13,65
30/12/2022;13,65
02/01/2023;13,65
03/01/2023;13,65
04/01/2023;13,65
05/01/2023;13,65
06/01/2023;13,65
09/01/2023;13,65
10/01/2023;13,65
11/01/2023;13,65
12/01/2023;13,65
13/01/2023;13,65
16/01/2023;13,65
17/01/2023;13,65
18/01/2023;13,65
19/01/2023;13,65
20/01/2023;13,65
23/01/2023;13,65
24/01/2023;13,65
25/01/2023;13,65
26/01/2023;13,65
27/01/2023;13,65
30/01/2023;13,65
31/01/2023;13,65
01/02/2023;13,65
02/02/2023;13,65
03/02/2023;13,65
06/02/2023;13,65
07/02/2023;13,65
08/02/2023;13,65
09/02/2023;13,65
10/02/2023;13,65
13/02/2023;13,65
14/02/2023;13,65
15/02/2023;13,65
16/02/2023;13,65
17/02/2023;13,65
22/02/2023;13,65
23/02/2023;13,65
24/02/2023;13,65
27/02/2023;13,65
28/02/2023;13,65
01/03/2023;13,65
02/03/2023;13,65
03/03/2023;13,65
06/03/2023;13,65
07/03/2023;13,65
08/03/2023;13,65
09/03/2023;13,65
10/03/2023;13,65
13/03/2023;13,65
14/03/2023;13,65
15/03/2023;13,65
16/03/2023;13,65
17/03/2023;13,65
20/03/2023;13,65
21/03/2023;13,65
22/03/2023;13,65
23/03/2023;13,65
24/03/2023;13,65
27/03/2023;13,65
28/03/2023;13,65
29/03/2023;13,65
30/03/2023;13,65
31/03/2023;13,65
03/04/2023;13,65
04/04/2023;13,65
05/04/2023;13,65
06/04/2023;13,65
10/04/2023;13,65
11/04/2023;13,65
12/04/2023;13,65
13/04/2023;13,65
14/04/2023;13,65
17/04/2023;13,65
18/04/2023;13,65
19/04/2023;13,65
20/04/2023;13,65
24/04/2023;13,65
25/04/2023;13,65
26/04/2023;13,65
27/04/2023;13,65
28/04/2023;13,65
02/05/2023;13,65
03/05/2023;13,65
04/05/2023;13,65
05/05/2023;13,65
08/05/2023;13,65
09/05/2023;13,65
10/05/2023;13,65
11/05/2023;13,65
12/05/2023;13,65
15/05/2023;13,65
16/05/2023;13,65
17/05/2023;13,65
18/05/2023;13,65
19/05/2023;13,65
22/05/2023;13,65
23/05/2023;13,65
24/05/2023;13,65
25/05/2023;13,65
26/05/2023;13,65
29/05/2023;13,65
30/05/2023;13,65
31/05/2023;13,65
01/06/2023;13,65
02/06/2023;13,65
05/06/2023;13,65
06/06/2023;13,65
07/06/2023;13,65
09/06/2023;13,65
12/06/2023;13,65
13/06/2023;13,65
14/06/2023;13,65
15/06/2023;13,65
16/06/2023;13,65
19/06/2023;13,65
20/06/2023;13,65
21/06/2023;13,65
22/06/2023;13,65
23/06/2023;13,65
26/06/2023;13,65
27/06/2023;13,65
28/06/2023;13,65
29/06/2023;13,65
30/06/2023;13,65
03/07/2023;13,65
04/07/2023;13,65
05/07/2023;13,65
06/07/2023;13,65
07/07/2023;13,65
10/07/2023;13,65
11/07/2023;13,65
12/07/2023;13,65
13/07/2023;13,65
14/07/2023;13,65
17/07/2023;13,65
18/07/2023;13,65
19/07/2023;13,65
20/07/2023;13,65
21/07/2023;13,65
24/07/2023;13,65
25/07/2023;13,65
26/07/2023;13,65
27/07/2023;13,65
28/07/2023;13,65
31/07/2023;13,65
01/08/2023;13,65
02/08/2023;13,65
03/08/2023;13,15
04/08/2023;13,15
07/08/2023;13,15
08/08/2023;13,15
09/08/2023;13,15
10/08/2023;13,15
11/08/2023;13,15
14/08/2023;13,15
15/08/2023;13,15
16/08/2023;13,15
17/08/2023;13,15
18/08/2023;13,15
21/08/2023;13,15
22/08/2023;13,15
23/08/2023;13,15
24/08/2023;13,15
25/08/2023;13,15
28/08/2023;13,15
29/08/2023;13,15
30/08/2023;13,15
31/08/2023;13,15
01/09/2023;13,15
04/09/2023;13,15
05/09/2023;13,15
06/09/2023;13,15
08/09/2023;13,15
11/09/2023;13,15
12/09/2023;13,15
13/09/2023;13,15
14/09/2023;13,15
15/09/2023;13,15
18/09/2023;13,15
19/09/2023;13,15
20/09/2023;13,15
21/09/2023;12,65
22/09/2023;12,65
25/09/2023;12,65
26/09/2023;12,65
27/09/2023;12,65
28/09/2023;12,65
29/09/2023;12,65
02/10/2023;12,65
03/10/2023;12,65
04/10/2023;12,65
05/10/2023;12,65
06/10/2023;12,65
09/10/2023;12,65
10/10/2023;12,65
11/10/2023;12,65
13/10/2023;12,65
16/10/2023;12,65
17/10/2023;12,65
18/10/2023;12,65
19/10/2023;12,65
20/10/2023;12,65
23/10/2023;12,65
24/10/2023;12,65
25/10/2023;12,65
26/10/2023;12,65
27/10/2023;12,65
30/10/2023;12,65
31/10/2023;12,65
01/11/2023;12,65
03/11/2023;12,15
06/11/2023;12,15
07/11/2023;12,15
08/11/2023;12,15
09/11/2023;12,15
10/11/2023;12,15
13/11/2023;12,15
14/11/2023;12,15
16/11/2023;12,15
17/11/2023;12,15
20/11/2023;12,15
21/11/2023;12,15
22/11/2023;12,15
23/11/2023;12,15
24/11/2023;12,15
27/11/2023;12,15
28/11/2023;12,15
29/11/2023;12,15
30/11/2023;12,15
01/12/2023;12,15
04/12/2023;12,15
05/12/2023;12,15
06/12/2023;12,15
07/12/2023;12,15
08/12/2023;12,15
11/12/2023;12,15
12/12/2023;12,15
13/12/2023;12,15
14/12/2023;11,65
15/12/2023;11,65
18/12/2023;11,65
19/12/2023;11,65
20/12/2023;11,65
21/12/2023;11,65
22/12/2023;11,65
26/12/2023;11,65
27/12/2023;11,65
28/12/2023;11,65
29/12/2023;11,65
02/01/2024;11,65
03/01/2024;11,65
04/01/2024;11,65
05/01/2024;11,65
08/01/2024;11,65
09/01/2024;11,65
10/01/2024;11,65
11/01/2024;11,65
12/01/2024;11,65
15/01/2024;11,65
16/01/2024;11,65
17/01/2024;11,65
18/01/2024;11,65
19/01/2024;11,65
22/01/2024;11,65
23/01/2024;11,65
24/01/2024;11,65
25/01/2024;11,65
26/01/2024;11,65
29/01/2024;11,65
30/01/2024;11,65
31/01/2024;11,65
01/02/2024;11,15
02/02/2024;11,15
05/02/2024;11,15
06/02/2024;11,15
07/02/2024;11,15
08/02/2024;11,15
09/02/2024;11,15
14/02/2024;11,15
15/02/2024;11,15
16/02/2024;11,15
19/02/2024;11,15
20/02/2024;11,15
21/02/2024;11,15
22/02/2024;11,15
23/02/2024;11,15
26/02/2024;11,15
27/02/2024;11,15
28/02/2024;11,15
29/02/2024;11,15
01/03/2024;11,15
04/03/2024;11,15
05/03/2024;11,15
06/03/2024;11,15
07/03/2024;11,15
08/03/2024;11,15
11/03/2024;11,15
12/03/2024;11,15
13/03/2024;11,15
14/03/2024;11,15
15/03/2024;11,15
18/03/2024;11,15
19/03/2024;11,15
20/03/2024;11,15
21/03/2024;10,65
22/03/2024;10,65
25/03/2024;10,65
26/03/2024;10,65
27/03/2024;10,65
28/03/2024;10,65
01/04/2024;10,65
02/04/2024;10,65
03/04/2024;10,65
04/04/2024;10,65
05/04/2024;10,65
08/04/2024;10,65
09/04/2024;10,65
10/04/2024;10,65
11/04/2024;10,65
12/04/2024;10,65
15/04/2024;10,65
16/04/2024;10,65
17/04/2024;10,65
18/04/2024;10,65
19/04/2024;10,65
22/04/2024;10,65
23/04/2024;10,65
24/04/2024;10,65
25/04/2024;10,65
26/04/2024;10,65
29/04/2024;10,65
30/04/2024;10,65
02/05/2024;10,65
03/05/2024;10,65
06/05/2024;10,65
07/05/2024;10,65
08/05/2024;10,65
09/05/2024;10,40
10/05/2024;10,40
13/05/2024;10,40
14/05/2024;10,40
15/05/2024;10,40
16/05/2024;10,40
17/05/2024;10,40
20/05/2024;10,40
21/05/2024;10,40
22/05/2024;10,40
23/05/2024;10,40
24/05/2024;10,40
27/05/2024;10,40
28/05/2024;10,40
29/05/2024;10,40
31/05/2024;10,40
03/06/2024;10,40
04/06/2024;10,40
05/06/2024;10,40
06/06/2024;10,40
07/06/2024;10,40
10/06/2024;10,40
11/06/2024;10,40
12/06/2024;10,40
13/06/2024;10,40
14/06/2024;10,40
17/06/2024;10,40
18/06/2024;10,40
19/06/2024;10,40
20/06/2024;10,40
21/06/2024;10,40
24/06/2024;10,40
25/06/2024;10,40
26/06/2024;10,40
27/06/2024;10,40
28/06/2024;10,40
01/07/2024;10,40
02/07/2024;10,40
03/07/2024;10,40
04/07/2024;10,40
05/07/2024;10,40
08/07/2024;10,40
09/07/2024;10,40
10/07/2024;10,40
11/07/2024;10,40
12/07/2024;10,40
15/07/2024;10,40
16/07/2024;10,40
17/07/2024;10,40
18/07/2024;10,40
19/07/2024;10,40
22/07/2024;10,40
23/07/2024;10,40
24/07/2024;10,40
25/07/2024;10,40
26/07/2024;10,40
29/07/2024;10,40
30/07/2024;10,40
31/07/2024;10,40
01/08/2024;10,40
02/08/2024;10,40
05/08/2024;10,40
06/08/2024;10,40
07/08/2024;10,40
08/08/2024;10,40
09/08/2024;10,40
12/08/2024;10,40
13/08/2024;10,40
14/08/2024;10,40
15/08/2024;10,40
16/08/2024;10,40
19/08/2024;10,40
20/08/2024;10,40
21/08/2024;10,40
22/08/2024;10,40
23/08/2024;10,40
26/08/2024;10,40
27/08/2024;10,40
28/08/2024;10,40
29/08/2024;10,40
30/08/2024;10,40
02/09/2024;10,40
03/09/2024;10,40
04/09/2024;10,40
05/09/2024;10,40
06/09/2024;10,40
09/09/2024;10,40
10/09/2024;10,40
11/09/2024;10,40
12/09/2024;10,40
13/09/2024;10,40
16/09/2024;10,40
17/09/2024;10,40
18/09/2024;10,40
19/09/2024;10,65
20/09/2024;10,65
23/09/2024;10,65
24/09/2024;10,65
25/09/2024;10,65
26/09/2024;10,65
27/09/2024;10,65
30/09/2024;10,65
01/10/2024;10,65
02/10/2024;10,65
03/10/2024;10,65
04/10/2024;10,65
07/10/2024;10,65
08/10/2024;10,65
09/10/2024;10,65
10/10/2024;10,65
11/10/2024;10,65
14/10/2024;10,65
15/10/2024;10,65
16/10/2024;10,65
17/10/2024;10,65
18/10/2024;10,65
21/10/2024;10,65
22/10/2024;10,65
23/10/2024;10,65
24/10/2024;10,65
25/10/2024;10,65
28/10/2024;10,65
29/10/2024;10,65
30/10/2024;10,65
31/10/2024;10,65
01/11/2024;10,65
04/11/2024;10,65
05/11/2024;10,65
06/11/2024;10,65
07/11/2024;11,15
08/11/2024;11,15
11/11/2024;11,15
12/11/2024;11,15
13/11/2024;11,15
14/11/2024;11,15
18/11/2024;11,15
19/11/2024;11,15
21/11/2024;11,15
22/11/2024;11,15
25/11/2024;11,15
26/11/2024;11,15
27/11/2024;11,15
28/11/2024;11,15
29/11/2024;11,15
02/12/2024;11,15
03/12/2024;11,15
04/12/2024;11,15
05/12/2024;11,15
06/12/2024;11,15
09/12/2024;11,15
10/12/2024;11,15
11/12/2024;11,15
12/12/2024;12,15
13/12/2024;12,15
16/12/2024;12,15
17/12/2024;12,15
18/12/2024;12,15
19/12/2024;12,15
20/12/2024;12,15
23/12/2024;12,15
24/12/2024;12,15
26/12/2024;12,15
27/12/2024;12,15
30/12/2024;12,15
31/12/2024;12,15
02/01/2025;12,15
03/01/2025;12,15
06/01/2025;12,15
07/01/2025;12,15
08/01/2025;12,15
09/01/2025;12,15
10/01/2025;12,15
13/01/2025;12,15
14/01/2025;12,15
15/01/2025;12,15
16/01/2025;12,15
17/01/2025;12,15
20/01/2025;12,15
21/01/2025;12,15
22/01/2025;12,15
23/01/2025;12,15
24/01/2025;12,15
27/01/2025;12,15
28/01/2025;12,15
29/01/2025;12,15
30/01/2025;13,15
31/01/2025;13,15
03/02/2025;13,15
04/02/2025;13,15
05/02/2025;13,15
06/02/2025;13,15
07/02/2025;13,15
10/02/2025;13,15
11/02/2025;13,15
12/02/2025;13,15
13/02/2025;13,15
14/02/2025;13,15
17/02/2025;13,15
18/02/2025;13,15
19/02/2025;13,15
20/02/2025;13,15
21/02/2025;13,15
24/02/2025;13,15
25/02/2025;13,15
26/02/2025;13,15
27/02/2025;13,15
28/02/2025;13,15
05/03/2025;13,15
06/03/2025;13,15
07/03/2025;13,15
10/03/2025;13,15
11/03/2025;13,15
12/03/2025;13,15
13/03/2025;13,15
14/03/2025;13,15
17/03/2025;13,15
18/03/2025;13,15
19/03/2025;13,15
20/03/2025;14,15
21/03/2025;14,15
24/03/2025;14,15
25/03/2025;14,15
26/03/2025;14,15
27/03/2025;14,15
28/03/2025;14,15
31/03/2025;14,15
01/04/2025;14,15
02/04/2025;14,15
03/04/2025;14,15
04/04/2025;14,15
07/04/2025;14,15
08/04/2025;14,15
09/04/2025;14,15
10/04/2025;14,15
11/04/2025;14,15
14/04/2025;14,15
15/04/2025;14,15
16/04/2025;14,15
17/04/2025;14,15
22/04/2025;14,15
23/04/2025;14,15
24/04/2025;14,15
25/04/2025;14,15
28/04/2025;14,15
29/04/2025;14,15
30/04/2025;14,15
02/05/2025;14,15
05/05/2025;14,15
06/05/2025;14,15
07/05/2025;14,15
08/05/2025;14,65
09/05/2025;14,65
12/05/2025;14,65
13/05/2025;14,65
14/05/2025;14,65
15/05/2025;14,65
16/05/2025;14,65
19/05/2025;14,65
20/05/2025;14,65
21/05/2025;14,65
22/05/2025;14,65
23/05/2025;14,65
26/05/2025;14,65
27/05/2025;14,65
28/05/2025;14,65
29/05/2025;14,65
30/05/2025;14,65
02/06/2025;14,65
03/06/2025;14,65
04/06/2025;14,65
05/06/2025;14,65
06/06/2025;14,65
09/06/2025;14,65
10/06/2025;14,65
11/06/2025;14,65
12/06/2025;14,65
13/06/2025;14,65
16/06/2025;14,65
17/06/2025;14,65
18/06/2025;14,65
20/06/2025;14,90
23/06/2025;14,90
24/06/2025;14,90
25/06/2025;14,90
26/06/2025;14,90
27/06/2025;14,90
30/06/2025;14,90
01/07/2025;14,90
02/07/2025;14,90
03/07/2025;14,90
04/07/2025;14,90
07/07/2025;14,90
08/07/2025;14,90
09/07/2025;14,90
10/07/2025;14,90
11/07/2025;14,90
14/07/2025;14,90
15/07/2025;14,90
16/07/2025;14,90
17/07/2025;14,90
18/07/2025;14,90
21/07/2025;14,90
22/07/2025;14,90
23/07/2025;14,90
24/07/2025;14,90
25/07/2025;14,90
28/07/2025;14,90
29/07/2025;14,90
30/07/2025;14,90
31/07/2025;14,90
01/08/2025;14,90
04/08/2025;14,90
05/08/2025;14,90
06/08/2025;14,90
07/08/2025;14,90
08/08/2025;14,90
11/08/2025;14,90
12/08/2025;14,90
13/08/2025;14,90
14/08/2025;14,90
15/08/2025;14,90
18/08/2025;14,90
19/08/2025;14,90
20/08/2025;14,90
21/08/2025;14,90
22/08/2025;14,90
25/08/2025;14,90
26/08/2025;14,90
27/08/2025;14,90
28/08/2025;14,90
29/08/2025;14,90
01/09/2025;14,90
02/09/2025;14,90
03/09/2025;14,90
04/09/2025;14,90
05/09/2025;14,90
08/09/2025;14,90
09/09/2025;14,90
10/09/2025;14,90
11/09/2025;14,90
12/09/2025;14,90
15/09/2025;14,90
16/09/2025;14,90
17/09/2025;14,90
18/09/2025;14,90
19/09/2025;14,90
22/09/2025;14,90
23/09/2025;14,90
24/09/2025;14,90
25/09/2025;14,90
26/09/2025;14,90
29/09/2025;14,90
30/09/2025;14,90
01/10/2025;14,90
02/10/2025;14,90
03/10/2025;14,90
06/10/2025;14,90
07/10/2025;14,90
08/10/2025;14,90
09/10/2025;14,90
10/10/2025;14,90
13/10/2025;14,90
14/10/2025;14,90
15/10/2025;14,90
16/10/2025;14,90
17/10/2025;14,90
20/10/2025;14,90
21/10/2025;14,90
22/10/2025;14,90
23/10/2025;14,90
24/10/2025;14,90
27/10/2025;14,90
28/10/2025;14,90
29/10/2025;14,90
30/10/2025;14,90
31/10/2025;14,90
03/11/2025;14,90
04/11/2025;14,90
05/11/2025;14,90
06/11/2025;14,90
07/11/2025;14,90
10/11/2025;14,90
11/11/2025;14,90
12/11/2025;14,90
13/11/2025;14,90
14/11/2025;14,90
17/11/2025;14,90
18/11/2025;14,90
19/11/2025;14,90
21/11/2025;14,90
24/11/2025;14,90
25/11/2025;14,90
26/11/2025;14,90
27/11/2025;14,90
28/11/2025;14,90
01/12/2025;14,90
02/12/2025;14,90
03/12/2025;14,90
04/12/2025;14,90
05/12/2025;14,90
08/12/2025;14,90
09/12/2025;14,90
10/12/2025;14,90
11/12/2025;14,90
12/12/2025;14,90
15/12/2025;14,90
16/12/2025;14,90
17/12/2025;14,90
18/12/2025;14,90
19/12/2025;14,90
22/12/2025;14,90
23/12/2025;14,90
24/12/2025;14,90
26/12/2025;14,90
29/12/2025;14,90
30/12/2025;14,90
31/12/2025;14,90
02/01/2026;14,90
05/01/2026;14,90
06/01/2026;14,90
07/01/2026;14,90
08/01/2026;14,90
09/01/2026;14,90
12/01/2026;14,90
13/01/2026;14,90
14/01/2026;14,90
15/01/2026;14,90
16/01/2026;14,90
19/01/2026;14,90
20/01/2026;14,90
21/01/2026;14,90
22/01/2026;14,90
23/01/2026;14,90
26/01/2026;14,90
27/01/2026;14,90
28/01/2026;14,90
29/01/2026;14,90
30/01/2026;14,90
02/02/2026;14,90
03/02/2026;14,90
04/02/2026;14,90
05/02/2026;14,90
06/02/2026;14,90
09/02/2026;14,90
10/02/2026;14,90
11/02/2026;14,90
12/02/2026;14,90
13/02/2026;14,90
18/02/2026;14,90
19/02/2026;14,90
20/02/2026;14,90
23/02/2026;14,90
24/02/2026;14,90
25/02/2026;14,90
26/02/2026;14,90
27/02/2026;14,90
02/03/2026;14,90
03/03/2026;14,90
04/03/2026;14,90
05/03/2026;14,90
06/03/2026;14,90
09/03/2026;14,90
10/03/2026;14,90
11/03/2026;14,90
12/03/2026;14,90
13/03/2026;14,90
16/03/2026;14,90
17/03/2026;14,90
18/03/2026;14,90
19/03/2026;14,65
20/03/2026;14,65
23/03/2026;14,65
24/03/2026;14,65
25/03/2026;14,65
26/03/2026;14,65
27/03/2026;14,65
30/03/2026;14,65
31/03/2026;14,65
01/04/2026;14,65
02/04/2026;14,65
06/04/2026;14,65
07/04/2026;14,65
08/04/2026;14,65
09/04/2026;14,65
10/04/2026;14,65
13/04/2026;14,65
14/04/2026;14,65
15/04/2026;14,65
16/04/2026;14,65
17/04/2026;14,65
20/04/2026;14,65
22/04/2026;14,65
23/04/2026;14,65
24/04/2026;14,65
27/04/2026;14,65
28/04/2026;14,65
29/04/2026;14,65
30/04/2026;14,40
04/05/2026;14,40
05/05/2026;14,40
06/05/2026;14,40
07/05/2026;14,40
08/05/2026;14,40
11/05/2026;14,40
12/05/2026;14,40
13/05/2026;14,40
14/05/2026;14,40
15/05/2026;14,40
18/05/2026;14,40
19/05/2026;14,40
20/05/2026;14,40
21/05/2026;14,40
22/05/2026;14,40
25/05/2026;14,40
26/05/2026;14,40
27/05/2026;14,40
28/05/2026;14,40
29/05/2026;14,40
01/06/2026;14,40
02/06/2026;14,40
03/06/2026;14,40
05/06/2026;14,40
08/06/2026;14,40
09/06/2026;14,40
10/06/2026;14,40
11/06/2026;14,40
12/06/2026;14,40
15/06/2026;14,40
16/06/2026;14,40
17/06/2026;14,40
18/06/2026;14,15
19/06/2026;14,15
22/06/2026;14,15
23/06/2026;14,15
24/06/2026;14,15
25/06/2026;14,15
26/06/2026;14,15
29/06/2026;14,15
30/06/2026;14,15
Fonte;BCB-Demab
